{"type":"Topology","transform":{"scale":[0.0009756148523985239,0.0009351316699604748],"translate":[-105.694194,18.960357]},"arcs":[[[3037,584],[120,54],[33,0],[32,-68],[63,-42],[-80,-50],[-60,-99],[-26,-85],[-17,-15],[-105,47],[-85,-36],[-50,-45],[-54,-23],[4,-33],[-56,-49],[-86,-36],[-29,-30],[-49,-2],[-29,-72],[-46,4],[-47,98],[-112,-91],[-26,11],[-72,0],[1,51],[-37,43],[1,49],[27,67],[-17,42],[5,84],[23,46],[-92,82],[-41,65],[-138,-32],[-71,-40],[-226,25],[-12,-44],[-75,-75],[-95,-23],[-29,14],[-53,-10],[-15,-24],[-47,-10],[-44,19],[-80,-55],[-3,-54],[30,-9],[-3,-41],[-27,-20],[-117,29],[-108,35],[10,36],[-48,27],[-69,-5],[18,51],[-39,25],[-55,-22],[-52,24],[-102,83],[-1,62],[-40,30],[-19,96],[-114,72],[-55,49],[-79,98],[-4,26],[-78,98],[-88,124],[-49,98],[2,102],[-14,46],[-117,117],[-24,77],[122,78],[136,20],[102,6],[87,54],[26,62],[-13,40],[-42,21],[45,33],[3,48],[38,19],[40,65],[12,48],[66,59],[39,8],[16,-26],[29,13],[36,-14],[17,22],[56,21],[-1,15],[65,60],[114,-14],[-2,-25],[73,-54],[90,-2],[63,-74],[4,-21],[110,-67],[21,-41],[93,-54],[-6,56],[14,97],[20,42],[6,77],[35,20],[-20,50],[5,57],[24,26],[-35,44],[19,69],[96,3],[75,23],[74,69],[19,107],[-251,167],[48,73],[-14,77],[0,75],[19,63],[-79,47],[-39,36],[-74,120],[-24,62],[54,193],[224,97],[135,10],[47,76],[11,92],[-12,14],[-83,27],[-4,97],[11,132],[110,-13],[4,9],[138,-27],[-9,-115],[-75,-66],[0,-79],[-28,-24],[6,-60],[-11,-211],[25,-37],[46,189],[27,69],[26,173],[125,-14],[22,-49],[-10,-93],[-44,-154],[-21,-15],[6,-37],[-10,-131],[78,-10],[42,42],[50,-18],[9,-21],[55,1],[2,27],[40,98],[32,-3],[37,41],[-76,168],[68,112],[42,-31],[43,-56],[105,-47],[-4,-90],[63,-11],[18,-32],[49,4],[-3,-36],[-88,-131],[-12,-35],[57,-10],[-12,-40],[-35,-6],[-7,-70],[-77,-18],[-84,22],[-64,-52],[-60,-26],[-106,-147],[-31,-53],[22,-27],[2,-137],[-102,0],[-57,-67],[-29,36],[-15,-57],[14,-73],[-38,-112],[-19,-30],[-22,-81],[125,24],[29,-64],[111,-14],[45,-14],[50,3],[68,-84],[89,4],[64,38],[69,-31],[79,-2],[-11,164],[35,58],[69,-25],[55,-2],[79,14],[7,40],[103,29],[10,60],[40,1],[4,-53],[49,41],[-34,77],[47,-5],[14,107],[-62,11],[-22,36],[-71,17],[3,70],[30,72],[36,28],[62,0],[268,-104],[143,-9],[127,111],[54,56],[13,45],[103,40],[7,19],[66,30],[-2,46],[34,66],[129,-25],[21,-35],[94,-67],[45,-45],[108,16],[-2,-46],[-109,-75],[-1,-24],[42,-35],[1,-66],[-108,-94],[-11,-46],[101,-118],[13,-54],[-30,-63],[-109,-58],[-62,8],[-52,-73],[-31,-21],[-27,-48],[-61,-77],[-12,-43],[-91,-142],[-66,-60],[-20,-71],[43,-72],[85,-56],[0,-62],[-63,-69],[-27,-10],[2,-56],[-24,-19],[-23,-53],[-169,-58],[-55,24],[-60,-32],[-71,14],[-96,-47],[-7,-19],[-56,-22],[-19,12],[-17,-42],[-60,-24],[-252,-45],[-8,-19],[-75,-9],[-31,-19],[18,-69],[-27,-70],[55,-29],[13,32],[92,-26],[72,-1],[76,-59],[-5,-82],[-64,-60],[21,-24],[-23,-41],[37,-55],[37,-21],[0,-40],[31,-7],[6,-64],[-20,-42]]],"objects":{"jalState":{"type":"GeometryCollection","geometries":[{"arcs":[[0]],"type":"Polygon","properties":{"id":14,"name":"Jalisco"}}]}}}